task,instruction,input,output_json
sentiment,"–û–ø—Ä–µ–¥–µ–ª–∏ —Ç–æ–Ω–∞–ª—å–Ω–æ—Å—Ç—å –æ—Ç–∑—ã–≤–∞: POSITIVE, NEGATIVE –∏–ª–∏ NEUTRAL. –£—á–∏—Ç—ã–≤–∞–π —Å–∞—Ä–∫–∞–∑–º –∏ —Å–º–µ—à–∞–Ω–Ω—ã–µ —ç–º–æ—Ü–∏–∏. –í–µ—Ä–Ω–∏ —Å—Ç—Ä–æ–≥–æ JSON.",–æ—Ç–ª–∏—á–Ω—ã–π iphone 14 PRO! –∫—É–ø–∏–ª –≤ –º–∞–≥–∞–∑–∏–Ω–µ apple –Ω–∞ —Ç–≤–µ—Ä—Å–∫–æ–π. –ö–∞–º–µ—Ä–∞ —Å—É–ø–µ—Ä,"{""label"": ""POSITIVE""}"
ner,"–ò–∑–≤–ª–µ–∫–∏ –∏–º–µ–Ω–æ–≤–∞–Ω–Ω—ã–µ —Å—É—â–Ω–æ—Å—Ç–∏ –∏–∑ —Ç–µ–∫—Å—Ç–∞. –¢–∏–ø—ã: PERSON, ORG, LOC. –ù–∏—á–µ–≥–æ –Ω–µ –≤—ã–¥—É–º—ã–≤–∞–π. –í–µ—Ä–Ω–∏ —Å—Ç—Ä–æ–≥–æ JSON.",–æ—Ç–ª–∏—á–Ω—ã–π iphone 14 PRO!!!  –∫—É–ø–∏–ª –≤ –º–∞–≥–∞–∑–∏–Ω–µ  apple –Ω–∞ —Ç–≤–µ—Ä—Å–∫–æ–π üòä. –ö–∞–º–µ—Ä–∞ —Å—É–ø–µ—Ä,"{""entities"": [{""text"": ""iphone 14 PRO"", ""type"": ""ORG""}, {""text"": ""apple"", ""type"": ""ORG""}, {""text"": ""—Ç–≤–µ—Ä—Å–∫–æ–π"", ""type"": ""LOC""}]}"
sentiment+ner,–û–ø—Ä–µ–¥–µ–ª–∏ —Ç–æ–Ω–∞–ª—å–Ω–æ—Å—Ç—å (POSITIVE/NEGATIVE/NEUTRAL) –∏ –∏–∑–≤–ª–µ–∫–∏ —Å—É—â–Ω–æ—Å—Ç–∏ PERSON/ORG/LOC. –í–µ—Ä–Ω–∏ —Å—Ç—Ä–æ–≥–æ JSON.,–æ—Ç–ª–∏—á–Ω—ã–π iphone 14 PRO!!!  –∫—É–ø–∏–ª –≤ –º–∞–≥–∞–∑–∏–Ω–µ  apple –Ω–∞ —Ç–≤–µ—Ä—Å–∫–æ–π üòä. –ö–∞–º–µ—Ä–∞ —Å—É–ø–µ—Ä,"{""label"": ""POSITIVE"", ""entities"": [{""text"": ""iphone 14 PRO"", ""type"": ""ORG""}, {""text"": ""apple"", ""type"": ""ORG""}, {""text"": ""—Ç–≤–µ—Ä—Å–∫–æ–π"", ""type"": ""LOC""}]}"
sentiment,"–û–ø—Ä–µ–¥–µ–ª–∏ —Ç–æ–Ω–∞–ª—å–Ω–æ—Å—Ç—å –æ—Ç–∑—ã–≤–∞: POSITIVE, NEGATIVE –∏–ª–∏ NEUTRAL. –£—á–∏—Ç—ã–≤–∞–π —Å–∞—Ä–∫–∞–∑–º –∏ —Å–º–µ—à–∞–Ω–Ω—ã–µ —ç–º–æ—Ü–∏–∏. –í–µ—Ä–Ω–∏ —Å—Ç—Ä–æ–≥–æ JSON.",–£–ñ–ê–°–ù–û–ï –æ–±—Å–ª—É–∂–∏–≤–∞–Ω–∏–µ –≤ —Å–±–µ—Ä–±–∞–Ω–∫–µ –Ω–∞ –∫—Ä–∞—Å–Ω–æ–π –ø–ª–æ—â–∞–¥–∏. –º–µ–Ω–µ–¥–∂–µ—Ä –∏–≤–∞–Ω –ø–µ—Ç—Ä–æ–≤ –≤–æ–±—â–µ –Ω–µ –ø–æ–º–æ–≥(,"{""label"": ""NEGATIVE""}"
ner,"–ò–∑–≤–ª–µ–∫–∏ –∏–º–µ–Ω–æ–≤–∞–Ω–Ω—ã–µ —Å—É—â–Ω–æ—Å—Ç–∏ –∏–∑ —Ç–µ–∫—Å—Ç–∞. –¢–∏–ø—ã: PERSON, ORG, LOC. –ù–∏—á–µ–≥–æ –Ω–µ –≤—ã–¥—É–º—ã–≤–∞–π. –í–µ—Ä–Ω–∏ —Å—Ç—Ä–æ–≥–æ JSON.",–£–ñ–ê–°–ù–û–ï –æ–±—Å–ª—É–∂–∏–≤–∞–Ω–∏–µ –≤ —Å–±–µ—Ä–±–∞–Ω–∫–µ –Ω–∞ –∫—Ä–∞—Å–Ω–æ–π –ø–ª–æ—â–∞–¥–∏.. –º–µ–Ω–µ–¥–∂–µ—Ä –∏–≤–∞–Ω –ø–µ—Ç—Ä–æ–≤ –≤–æ–±—â–µ –Ω–µ –ø–æ–º–æ–≥(,"{""entities"": [{""text"": ""—Å–±–µ—Ä–±–∞–Ω–∫–µ"", ""type"": ""ORG""}, {""text"": ""–∫—Ä–∞—Å–Ω–æ–π –ø–ª–æ—â–∞–¥–∏"", ""type"": ""LOC""}, {""text"": ""–∏–≤–∞–Ω –ø–µ—Ç—Ä–æ–≤"", ""type"": ""PERSON""}]}"
sentiment+ner,–û–ø—Ä–µ–¥–µ–ª–∏ —Ç–æ–Ω–∞–ª—å–Ω–æ—Å—Ç—å (POSITIVE/NEGATIVE/NEUTRAL) –∏ –∏–∑–≤–ª–µ–∫–∏ —Å—É—â–Ω–æ—Å—Ç–∏ PERSON/ORG/LOC. –í–µ—Ä–Ω–∏ —Å—Ç—Ä–æ–≥–æ JSON.,–£–ñ–ê–°–ù–û–ï –æ–±—Å–ª—É–∂–∏–≤–∞–Ω–∏–µ –≤ —Å–±–µ—Ä–±–∞–Ω–∫–µ –Ω–∞ –∫—Ä–∞—Å–Ω–æ–π –ø–ª–æ—â–∞–¥–∏.. –º–µ–Ω–µ–¥–∂–µ—Ä –∏–≤–∞–Ω –ø–µ—Ç—Ä–æ–≤ –≤–æ–±—â–µ –Ω–µ –ø–æ–º–æ–≥(,"{""label"": ""NEGATIVE"", ""entities"": [{""text"": ""—Å–±–µ—Ä–±–∞–Ω–∫–µ"", ""type"": ""ORG""}, {""text"": ""–∫—Ä–∞—Å–Ω–æ–π –ø–ª–æ—â–∞–¥–∏"", ""type"": ""LOC""}, {""text"": ""–∏–≤–∞–Ω –ø–µ—Ç—Ä–æ–≤"", ""type"": ""PERSON""}]}"
sentiment,"–û–ø—Ä–µ–¥–µ–ª–∏ —Ç–æ–Ω–∞–ª—å–Ω–æ—Å—Ç—å –æ—Ç–∑—ã–≤–∞: POSITIVE, NEGATIVE –∏–ª–∏ NEUTRAL. –£—á–∏—Ç—ã–≤–∞–π —Å–∞—Ä–∫–∞–∑–º –∏ —Å–º–µ—à–∞–Ω–Ω—ã–µ —ç–º–æ—Ü–∏–∏. –í–µ—Ä–Ω–∏ —Å—Ç—Ä–æ–≥–æ JSON.",–°–ø–∞—Å–∏–±–æ –æ–≥—Ä–æ–º–Ω–æ–µ —Å–æ—Ç—Ä—É–¥–Ω–∏–∫–∞–º –ú–¢–° –∑–∞ —Ç–æ —á—Ç–æ 3 —á–∞—Å–∞ –¥–µ—Ä–∂–∞–ª–∏ –º–µ–Ω—è –≤ –æ—á–µ—Ä–µ–¥–∏! –ü—Ä–æ—Å—Ç–æ –≤–æ—Å—Ö–∏—Ç–∏—Ç–µ–ª—å–Ω–æ,"{""label"": ""NEGATIVE""}"
ner,"–ò–∑–≤–ª–µ–∫–∏ –∏–º–µ–Ω–æ–≤–∞–Ω–Ω—ã–µ —Å—É—â–Ω–æ—Å—Ç–∏ –∏–∑ —Ç–µ–∫—Å—Ç–∞. –¢–∏–ø—ã: PERSON, ORG, LOC. –ù–∏—á–µ–≥–æ –Ω–µ –≤—ã–¥—É–º—ã–≤–∞–π. –í–µ—Ä–Ω–∏ —Å—Ç—Ä–æ–≥–æ JSON.",–°–ø–∞—Å–∏–±–æ –æ–≥—Ä–æ–º–Ω–æ–µ —Å–æ—Ç—Ä—É–¥–Ω–∏–∫–∞–º –ú–¢–° –∑–∞ —Ç–æ —á—Ç–æ 3 —á–∞—Å–∞ –¥–µ—Ä–∂–∞–ª–∏ –º–µ–Ω—è –≤ –æ—á–µ—Ä–µ–¥–∏! –ü—Ä–æ—Å—Ç–æ –≤–æ—Å—Ö–∏—Ç–∏—Ç–µ–ª—å–Ω–æ üëè,"{""entities"": [{""text"": ""–ú–¢–°"", ""type"": ""ORG""}]}"
sentiment+ner,–û–ø—Ä–µ–¥–µ–ª–∏ —Ç–æ–Ω–∞–ª—å–Ω–æ—Å—Ç—å (POSITIVE/NEGATIVE/NEUTRAL) –∏ –∏–∑–≤–ª–µ–∫–∏ —Å—É—â–Ω–æ—Å—Ç–∏ PERSON/ORG/LOC. –í–µ—Ä–Ω–∏ —Å—Ç—Ä–æ–≥–æ JSON.,–°–ø–∞—Å–∏–±–æ –æ–≥—Ä–æ–º–Ω–æ–µ —Å–æ—Ç—Ä—É–¥–Ω–∏–∫–∞–º –ú–¢–° –∑–∞ —Ç–æ —á—Ç–æ 3 —á–∞—Å–∞ –¥–µ—Ä–∂–∞–ª–∏ –º–µ–Ω—è –≤ –æ—á–µ—Ä–µ–¥–∏! –ü—Ä–æ—Å—Ç–æ –≤–æ—Å—Ö–∏—Ç–∏—Ç–µ–ª—å–Ω–æ üëè,"{""label"": ""NEGATIVE"", ""entities"": [{""text"": ""–ú–¢–°"", ""type"": ""ORG""}]}"
sentiment,"–û–ø—Ä–µ–¥–µ–ª–∏ —Ç–æ–Ω–∞–ª—å–Ω–æ—Å—Ç—å –æ—Ç–∑—ã–≤–∞: POSITIVE, NEGATIVE –∏–ª–∏ NEUTRAL. –£—á–∏—Ç—ã–≤–∞–π —Å–∞—Ä–∫–∞–∑–º –∏ —Å–º–µ—à–∞–Ω–Ω—ã–µ —ç–º–æ—Ü–∏–∏. –í–µ—Ä–Ω–∏ —Å—Ç—Ä–æ–≥–æ JSON.","–ö–∞–∫–æ–π –∑–∞–º–µ—á–∞—Ç–µ–ª—å–Ω—ã–π —Å–µ—Ä–≤–∏—Å –≤ –ü—è—Ç–µ—Ä–æ—á–∫–µ - –∫–∞—Å—Å–∞ —Å–ª–æ–º–∞–ª–∞—Å—å –ø—Ä—è–º–æ –ø–µ—Ä–µ–¥–æ –º–Ω–æ–π, –∞ –ø–µ—Ä—Å–æ–Ω–∞–ª –¥–∞–∂–µ –Ω–µ –∏–∑–≤–∏–Ω–∏–ª—Å—è","{""label"": ""NEGATIVE""}"
ner,"–ò–∑–≤–ª–µ–∫–∏ –∏–º–µ–Ω–æ–≤–∞–Ω–Ω—ã–µ —Å—É—â–Ω–æ—Å—Ç–∏ –∏–∑ —Ç–µ–∫—Å—Ç–∞. –¢–∏–ø—ã: PERSON, ORG, LOC. –ù–∏—á–µ–≥–æ –Ω–µ –≤—ã–¥—É–º—ã–≤–∞–π. –í–µ—Ä–Ω–∏ —Å—Ç—Ä–æ–≥–æ JSON.","–ö–∞–∫–æ–π –∑–∞–º–µ—á–∞—Ç–µ–ª—å–Ω—ã–π —Å–µ—Ä–≤–∏—Å –≤ –ü—è—Ç–µ—Ä–æ—á–∫–µ - –∫–∞—Å—Å–∞ —Å–ª–æ–º–∞–ª–∞—Å—å –ø—Ä—è–º–æ –ø–µ—Ä–µ–¥–æ –º–Ω–æ–π, –∞ –ø–µ—Ä—Å–æ–Ω–∞–ª –¥–∞–∂–µ –Ω–µ –∏–∑–≤–∏–Ω–∏–ª—Å—è","{""entities"": [{""text"": ""–ü—è—Ç–µ—Ä–æ—á–∫–µ"", ""type"": ""ORG""}]}"
sentiment+ner,–û–ø—Ä–µ–¥–µ–ª–∏ —Ç–æ–Ω–∞–ª—å–Ω–æ—Å—Ç—å (POSITIVE/NEGATIVE/NEUTRAL) –∏ –∏–∑–≤–ª–µ–∫–∏ —Å—É—â–Ω–æ—Å—Ç–∏ PERSON/ORG/LOC. –í–µ—Ä–Ω–∏ —Å—Ç—Ä–æ–≥–æ JSON.,"–ö–∞–∫–æ–π –∑–∞–º–µ—á–∞—Ç–µ–ª—å–Ω—ã–π —Å–µ—Ä–≤–∏—Å –≤ –ü—è—Ç–µ—Ä–æ—á–∫–µ - –∫–∞—Å—Å–∞ —Å–ª–æ–º–∞–ª–∞—Å—å –ø—Ä—è–º–æ –ø–µ—Ä–µ–¥–æ –º–Ω–æ–π, –∞ –ø–µ—Ä—Å–æ–Ω–∞–ª –¥–∞–∂–µ –Ω–µ –∏–∑–≤–∏–Ω–∏–ª—Å—è","{""label"": ""NEGATIVE"", ""entities"": [{""text"": ""–ü—è—Ç–µ—Ä–æ—á–∫–µ"", ""type"": ""ORG""}]}"
sentiment,"–û–ø—Ä–µ–¥–µ–ª–∏ —Ç–æ–Ω–∞–ª—å–Ω–æ—Å—Ç—å –æ—Ç–∑—ã–≤–∞: POSITIVE, NEGATIVE –∏–ª–∏ NEUTRAL. –£—á–∏—Ç—ã–≤–∞–π —Å–∞—Ä–∫–∞–∑–º –∏ —Å–º–µ—à–∞–Ω–Ω—ã–µ —ç–º–æ—Ü–∏–∏. –í–µ—Ä–Ω–∏ —Å—Ç—Ä–æ–≥–æ JSON.","iPhone 13 —Ö–æ—Ä–æ—à–∏–π —Ç–µ–ª–µ—Ñ–æ–Ω, –Ω–æ —Ü–µ–Ω–∞ –∫—É—Å–∞–µ—Ç—Å—è. –í —Ü–µ–ª–æ–º –¥–æ–≤–æ–ª–µ–Ω –ø–æ–∫—É–ø–∫–æ–π –≤ re: Store","{""label"": ""NEUTRAL""}"
ner,"–ò–∑–≤–ª–µ–∫–∏ –∏–º–µ–Ω–æ–≤–∞–Ω–Ω—ã–µ —Å—É—â–Ω–æ—Å—Ç–∏ –∏–∑ —Ç–µ–∫—Å—Ç–∞. –¢–∏–ø—ã: PERSON, ORG, LOC. –ù–∏—á–µ–≥–æ –Ω–µ –≤—ã–¥—É–º—ã–≤–∞–π. –í–µ—Ä–Ω–∏ —Å—Ç—Ä–æ–≥–æ JSON.","iPhone 13 —Ö–æ—Ä–æ—à–∏–π —Ç–µ–ª–µ—Ñ–æ–Ω, –Ω–æ —Ü–µ–Ω–∞ –∫—É—Å–∞–µ—Ç—Å—è. –í —Ü–µ–ª–æ–º –¥–æ–≤–æ–ª–µ–Ω –ø–æ–∫—É–ø–∫–æ–π –≤ re:Store","{""entities"": [{""text"": ""iPhone 13"", ""type"": ""ORG""}, {""text"": ""re:Store"", ""type"": ""ORG""}]}"
sentiment+ner,–û–ø—Ä–µ–¥–µ–ª–∏ —Ç–æ–Ω–∞–ª—å–Ω–æ—Å—Ç—å (POSITIVE/NEGATIVE/NEUTRAL) –∏ –∏–∑–≤–ª–µ–∫–∏ —Å—É—â–Ω–æ—Å—Ç–∏ PERSON/ORG/LOC. –í–µ—Ä–Ω–∏ —Å—Ç—Ä–æ–≥–æ JSON.,"iPhone 13 —Ö–æ—Ä–æ—à–∏–π —Ç–µ–ª–µ—Ñ–æ–Ω, –Ω–æ —Ü–µ–Ω–∞ –∫—É—Å–∞–µ—Ç—Å—è. –í —Ü–µ–ª–æ–º –¥–æ–≤–æ–ª–µ–Ω –ø–æ–∫—É–ø–∫–æ–π –≤ re:Store","{""label"": ""NEUTRAL"", ""entities"": [{""text"": ""iPhone 13"", ""type"": ""ORG""}, {""text"": ""re:Store"", ""type"": ""ORG""}]}"
sentiment,"–û–ø—Ä–µ–¥–µ–ª–∏ —Ç–æ–Ω–∞–ª—å–Ω–æ—Å—Ç—å –æ—Ç–∑—ã–≤–∞: POSITIVE, NEGATIVE –∏–ª–∏ NEUTRAL. –£—á–∏—Ç—ã–≤–∞–π —Å–∞—Ä–∫–∞–∑–º –∏ —Å–º–µ—à–∞–Ω–Ω—ã–µ —ç–º–æ—Ü–∏–∏. –í–µ—Ä–Ω–∏ —Å—Ç—Ä–æ–≥–æ JSON.","–†–µ—Å—Ç–æ—Ä–∞–Ω –ë–µ–ª—É–≥–∞ –∫—Ä–∞—Å–∏–≤—ã–π –∏ –∞—Ç–º–æ—Å—Ñ–µ—Ä–∞ –ø—Ä–∏—è—Ç–Ω–∞—è, –Ω–æ –æ—Ñ–∏—Ü–∏–∞–Ω—Ç –ú–∞–∫—Å–∏–º –±—ã–ª –Ω–µ–≤–Ω–∏–º–∞—Ç–µ–ª–µ–Ω","{""label"": ""NEUTRAL""}"
ner,"–ò–∑–≤–ª–µ–∫–∏ –∏–º–µ–Ω–æ–≤–∞–Ω–Ω—ã–µ —Å—É—â–Ω–æ—Å—Ç–∏ –∏–∑ —Ç–µ–∫—Å—Ç–∞. –¢–∏–ø—ã: PERSON, ORG, LOC. –ù–∏—á–µ–≥–æ –Ω–µ –≤—ã–¥—É–º—ã–≤–∞–π. –í–µ—Ä–Ω–∏ —Å—Ç—Ä–æ–≥–æ JSON.","–†–µ—Å—Ç–æ—Ä–∞–Ω –ë–µ–ª—É–≥–∞ –∫—Ä–∞—Å–∏–≤—ã–π –∏ –∞—Ç–º–æ—Å—Ñ–µ—Ä–∞ –ø—Ä–∏—è—Ç–Ω–∞—è, –Ω–æ –æ—Ñ–∏—Ü–∏–∞–Ω—Ç –ú–∞–∫—Å–∏–º –±—ã–ª –Ω–µ–≤–Ω–∏–º–∞—Ç–µ–ª–µ–Ω","{""entities"": [{""text"": ""–ë–µ–ª—É–≥–∞"", ""type"": ""ORG""}, {""text"": ""–ú–∞–∫—Å–∏–º"", ""type"": ""PERSON""}]}"
sentiment+ner,–û–ø—Ä–µ–¥–µ–ª–∏ —Ç–æ–Ω–∞–ª—å–Ω–æ—Å—Ç—å (POSITIVE/NEGATIVE/NEUTRAL) –∏ –∏–∑–≤–ª–µ–∫–∏ —Å—É—â–Ω–æ—Å—Ç–∏ PERSON/ORG/LOC. –í–µ—Ä–Ω–∏ —Å—Ç—Ä–æ–≥–æ JSON.,"–†–µ—Å—Ç–æ—Ä–∞–Ω –ë–µ–ª—É–≥–∞ –∫—Ä–∞—Å–∏–≤—ã–π –∏ –∞—Ç–º–æ—Å—Ñ–µ—Ä–∞ –ø—Ä–∏—è—Ç–Ω–∞—è, –Ω–æ –æ—Ñ–∏—Ü–∏–∞–Ω—Ç –ú–∞–∫—Å–∏–º –±—ã–ª –Ω–µ–≤–Ω–∏–º–∞—Ç–µ–ª–µ–Ω","{""label"": ""NEUTRAL"", ""entities"": [{""text"": ""–ë–µ–ª—É–≥–∞"", ""type"": ""ORG""}, {""text"": ""–ú–∞–∫—Å–∏–º"", ""type"": ""PERSON""}]}"
sentiment,"–û–ø—Ä–µ–¥–µ–ª–∏ —Ç–æ–Ω–∞–ª—å–Ω–æ—Å—Ç—å –æ—Ç–∑—ã–≤–∞: POSITIVE, NEGATIVE –∏–ª–∏ NEUTRAL. –£—á–∏—Ç—ã–≤–∞–π —Å–∞—Ä–∫–∞–∑–º –∏ —Å–º–µ—à–∞–Ω–Ω—ã–µ —ç–º–æ—Ü–∏–∏. –í–µ—Ä–Ω–∏ —Å—Ç—Ä–æ–≥–æ JSON.","–•–æ—Ç—è Tesla Model Y –∏ –¥–æ—Ä–æ–≥–∞—è –º–∞—à–∏–Ω–∞, –∏ —Å–µ—Ä–≤–∏—Å –≤ –†–æ–ª—å—Ñ –ü—Ä–µ–º–∏—É–º –∏–Ω–æ–≥–¥–∞ –ø–æ–¥–≤–æ–¥–∏—Ç, –Ω–æ –≤ —Ü–µ–ª–æ–º —è –æ—á–µ–Ω—å –¥–æ–≤–æ–ª–µ–Ω –ø–æ–∫—É–ø–∫–æ–π","{""label"": ""POSITIVE""}"
ner,"–ò–∑–≤–ª–µ–∫–∏ –∏–º–µ–Ω–æ–≤–∞–Ω–Ω—ã–µ —Å—É—â–Ω–æ—Å—Ç–∏ –∏–∑ —Ç–µ–∫—Å—Ç–∞. –¢–∏–ø—ã: PERSON, ORG, LOC. –ù–∏—á–µ–≥–æ –Ω–µ –≤—ã–¥—É–º—ã–≤–∞–π. –í–µ—Ä–Ω–∏ —Å—Ç—Ä–æ–≥–æ JSON.","–•–æ—Ç—è Tesla Model Y –∏ –¥–æ—Ä–æ–≥–∞—è –º–∞—à–∏–Ω–∞, –∏ —Å–µ—Ä–≤–∏—Å –≤ –†–æ–ª—å—Ñ –ü—Ä–µ–º–∏—É–º –∏–Ω–æ–≥–¥–∞ –ø–æ–¥–≤–æ–¥–∏—Ç, –Ω–æ –≤ —Ü–µ–ª–æ–º —è –æ—á–µ–Ω—å –¥–æ–≤–æ–ª–µ–Ω –ø–æ–∫—É–ø–∫–æ–π","{""entities"": [{""text"": ""Tesla Model Y"", ""type"": ""ORG""}, {""text"": ""–†–æ–ª—å—Ñ –ü—Ä–µ–º–∏—É–º"", ""type"": ""ORG""}]}"
sentiment+ner,–û–ø—Ä–µ–¥–µ–ª–∏ —Ç–æ–Ω–∞–ª—å–Ω–æ—Å—Ç—å (POSITIVE/NEGATIVE/NEUTRAL) –∏ –∏–∑–≤–ª–µ–∫–∏ —Å—É—â–Ω–æ—Å—Ç–∏ PERSON/ORG/LOC. –í–µ—Ä–Ω–∏ —Å—Ç—Ä–æ–≥–æ JSON.,"–•–æ—Ç—è Tesla Model Y –∏ –¥–æ—Ä–æ–≥–∞—è –º–∞—à–∏–Ω–∞, –∏ —Å–µ—Ä–≤–∏—Å –≤ –†–æ–ª—å—Ñ –ü—Ä–µ–º–∏—É–º –∏–Ω–æ–≥–¥–∞ –ø–æ–¥–≤–æ–¥–∏—Ç, –Ω–æ –≤ —Ü–µ–ª–æ–º —è –æ—á–µ–Ω—å –¥–æ–≤–æ–ª–µ–Ω –ø–æ–∫—É–ø–∫–æ–π","{""label"": ""POSITIVE"", ""entities"": [{""text"": ""Tesla Model Y"", ""type"": ""ORG""}, {""text"": ""–†–æ–ª—å—Ñ –ü—Ä–µ–º–∏—É–º"", ""type"": ""ORG""}]}"
sentiment,"–û–ø—Ä–µ–¥–µ–ª–∏ —Ç–æ–Ω–∞–ª—å–Ω–æ—Å—Ç—å –æ—Ç–∑—ã–≤–∞: POSITIVE, NEGATIVE –∏–ª–∏ NEUTRAL. –£—á–∏—Ç—ã–≤–∞–π —Å–∞—Ä–∫–∞–∑–º –∏ —Å–º–µ—à–∞–Ω–Ω—ã–µ —ç–º–æ—Ü–∏–∏. –í–µ—Ä–Ω–∏ —Å—Ç—Ä–æ–≥–æ JSON.","–ù–µ –º–æ–≥—É —Å–∫–∞–∑–∞—Ç—å —á—Ç–æ –æ—Ç–µ–ª—å –†–∏—Ç—Ü-–ö–∞—Ä–ª—Ç–æ–Ω –ø–ª–æ—Ö–æ–π, –ø—Ä–æ—Å—Ç–æ –æ–∂–∏–¥–∞–ª –±–æ–ª—å—à–µ–≥–æ –∑–∞ —Ç–∞–∫–∏–µ –¥–µ–Ω—å–≥–∏","{""label"": ""NEUTRAL""}"
ner,"–ò–∑–≤–ª–µ–∫–∏ –∏–º–µ–Ω–æ–≤–∞–Ω–Ω—ã–µ —Å—É—â–Ω–æ—Å—Ç–∏ –∏–∑ —Ç–µ–∫—Å—Ç–∞. –¢–∏–ø—ã: PERSON, ORG, LOC. –ù–∏—á–µ–≥–æ –Ω–µ –≤—ã–¥—É–º—ã–≤–∞–π. –í–µ—Ä–Ω–∏ —Å—Ç—Ä–æ–≥–æ JSON.","–ù–µ –º–æ–≥—É —Å–∫–∞–∑–∞—Ç—å —á—Ç–æ –æ—Ç–µ–ª—å –†–∏—Ç—Ü-–ö–∞—Ä–ª—Ç–æ–Ω –ø–ª–æ—Ö–æ–π, –ø—Ä–æ—Å—Ç–æ –æ–∂–∏–¥–∞–ª –±–æ–ª—å—à–µ–≥–æ –∑–∞ —Ç–∞–∫–∏–µ –¥–µ–Ω—å–≥–∏","{""entities"": [{""text"": ""–†–∏—Ç—Ü-–ö–∞—Ä–ª—Ç–æ–Ω"", ""type"": ""ORG""}]}"
sentiment+ner,–û–ø—Ä–µ–¥–µ–ª–∏ —Ç–æ–Ω–∞–ª—å–Ω–æ—Å—Ç—å (POSITIVE/NEGATIVE/NEUTRAL) –∏ –∏–∑–≤–ª–µ–∫–∏ —Å—É—â–Ω–æ—Å—Ç–∏ PERSON/ORG/LOC. –í–µ—Ä–Ω–∏ —Å—Ç—Ä–æ–≥–æ JSON.,"–ù–µ –º–æ–≥—É —Å–∫–∞–∑–∞—Ç—å —á—Ç–æ –æ—Ç–µ–ª—å –†–∏—Ç—Ü-–ö–∞—Ä–ª—Ç–æ–Ω –ø–ª–æ—Ö–æ–π, –ø—Ä–æ—Å—Ç–æ –æ–∂–∏–¥–∞–ª –±–æ–ª—å—à–µ–≥–æ –∑–∞ —Ç–∞–∫–∏–µ –¥–µ–Ω—å–≥–∏","{""label"": ""NEUTRAL"", ""entities"": [{""text"": ""–†–∏—Ç—Ü-–ö–∞—Ä–ª—Ç–æ–Ω"", ""type"": ""ORG""}]}"
sentiment,"–û–ø—Ä–µ–¥–µ–ª–∏ —Ç–æ–Ω–∞–ª—å–Ω–æ—Å—Ç—å –æ—Ç–∑—ã–≤–∞: POSITIVE, NEGATIVE –∏–ª–∏ NEUTRAL. –£—á–∏—Ç—ã–≤–∞–π —Å–∞—Ä–∫–∞–∑–º –∏ —Å–º–µ—à–∞–Ω–Ω—ã–µ —ç–º–æ—Ü–∏–∏. –í–µ—Ä–Ω–∏ —Å—Ç—Ä–æ–≥–æ JSON.","–ó–∞–∫–∞–∑–∞–ª –¥–æ—Å—Ç–∞–≤–∫—É –≤ –Ø–Ω–¥–µ–∫—Å. –ï–¥–µ –∏–∑ —Ä–µ—Å—Ç–æ—Ä–∞–Ω–∞ –î–∞—á–∞ –Ω–∞ –†—É–±–ª–µ–≤–∫–µ - –ø—Ä–∏–≤–µ–∑–ª–∏ —Ö–æ–ª–æ–¥–Ω–æ–µ, –Ω–æ –∫—É—Ä—å–µ—Ä –ê–Ω–¥—Ä–µ–π –±—ã–ª –≤–µ–∂–ª–∏–≤—ã–π","{""label"": ""NEUTRAL""}"
ner,"–ò–∑–≤–ª–µ–∫–∏ –∏–º–µ–Ω–æ–≤–∞–Ω–Ω—ã–µ —Å—É—â–Ω–æ—Å—Ç–∏ –∏–∑ —Ç–µ–∫—Å—Ç–∞. –¢–∏–ø—ã: PERSON, ORG, LOC. –ù–∏—á–µ–≥–æ –Ω–µ –≤—ã–¥—É–º—ã–≤–∞–π. –í–µ—Ä–Ω–∏ —Å—Ç—Ä–æ–≥–æ JSON.","–ó–∞–∫–∞–∑–∞–ª –¥–æ—Å—Ç–∞–≤–∫—É –≤ –Ø–Ω–¥–µ–∫—Å.–ï–¥–µ –∏–∑ —Ä–µ—Å—Ç–æ—Ä–∞–Ω–∞ –î–∞—á–∞ –Ω–∞ –†—É–±–ª–µ–≤–∫–µ - –ø—Ä–∏–≤–µ–∑–ª–∏ —Ö–æ–ª–æ–¥–Ω–æ–µ, –Ω–æ –∫—É—Ä—å–µ—Ä –ê–Ω–¥—Ä–µ–π –±—ã–ª –≤–µ–∂–ª–∏–≤—ã–π","{""entities"": [{""text"": ""–Ø–Ω–¥–µ–∫—Å.–ï–¥–µ"", ""type"": ""ORG""}, {""text"": ""–î–∞—á–∞"", ""type"": ""ORG""}, {""text"": ""–†—É–±–ª–µ–≤–∫–µ"", ""type"": ""LOC""}, {""text"": ""–ê–Ω–¥—Ä–µ–π"", ""type"": ""PERSON""}]}"
sentiment+ner,–û–ø—Ä–µ–¥–µ–ª–∏ —Ç–æ–Ω–∞–ª—å–Ω–æ—Å—Ç—å (POSITIVE/NEGATIVE/NEUTRAL) –∏ –∏–∑–≤–ª–µ–∫–∏ —Å—É—â–Ω–æ—Å—Ç–∏ PERSON/ORG/LOC. –í–µ—Ä–Ω–∏ —Å—Ç—Ä–æ–≥–æ JSON.,"–ó–∞–∫–∞–∑–∞–ª –¥–æ—Å—Ç–∞–≤–∫—É –≤ –Ø–Ω–¥–µ–∫—Å.–ï–¥–µ –∏–∑ —Ä–µ—Å—Ç–æ—Ä–∞–Ω–∞ –î–∞—á–∞ –Ω–∞ –†—É–±–ª–µ–≤–∫–µ - –ø—Ä–∏–≤–µ–∑–ª–∏ —Ö–æ–ª–æ–¥–Ω–æ–µ, –Ω–æ –∫—É—Ä—å–µ—Ä –ê–Ω–¥—Ä–µ–π –±—ã–ª –≤–µ–∂–ª–∏–≤—ã–π","{""label"": ""NEUTRAL"", ""entities"": [{""text"": ""–Ø–Ω–¥–µ–∫—Å.–ï–¥–µ"", ""type"": ""ORG""}, {""text"": ""–î–∞—á–∞"", ""type"": ""ORG""}, {""text"": ""–†—É–±–ª–µ–≤–∫–µ"", ""type"": ""LOC""}, {""text"": ""–ê–Ω–¥—Ä–µ–π"", ""type"": ""PERSON""}]}"
sentiment,"–û–ø—Ä–µ–¥–µ–ª–∏ —Ç–æ–Ω–∞–ª—å–Ω–æ—Å—Ç—å –æ—Ç–∑—ã–≤–∞: POSITIVE, NEGATIVE –∏–ª–∏ NEUTRAL. –£—á–∏—Ç—ã–≤–∞–π —Å–∞—Ä–∫–∞–∑–º –∏ —Å–º–µ—à–∞–Ω–Ω—ã–µ —ç–º–æ—Ü–∏–∏. –í–µ—Ä–Ω–∏ —Å—Ç—Ä–æ–≥–æ JSON.","MacBook Pro 16 —Ä–∞–±–æ—Ç–∞–µ—Ç –∫–∞–∫ —á–∞—Å—ã —É–∂–µ –≥–æ–¥, –ø–æ–∫—É–ø–∞–ª –≤ iStore –Ω–∞ –ê—Ä–±–∞—Ç–µ —É –∫–æ–Ω—Å—É–ª—å—Ç–∞–Ω—Ç–∞ –ï–ª–µ–Ω—ã","{""label"": ""POSITIVE""}"
ner,"–ò–∑–≤–ª–µ–∫–∏ –∏–º–µ–Ω–æ–≤–∞–Ω–Ω—ã–µ —Å—É—â–Ω–æ—Å—Ç–∏ –∏–∑ —Ç–µ–∫—Å—Ç–∞. –¢–∏–ø—ã: PERSON, ORG, LOC. –ù–∏—á–µ–≥–æ –Ω–µ –≤—ã–¥—É–º—ã–≤–∞–π. –í–µ—Ä–Ω–∏ —Å—Ç—Ä–æ–≥–æ JSON.","MacBook Pro 16 —Ä–∞–±–æ—Ç–∞–µ—Ç –∫–∞–∫ —á–∞—Å—ã —É–∂–µ –≥–æ–¥, –ø–æ–∫—É–ø–∞–ª –≤ iStore –Ω–∞ –ê—Ä–±–∞—Ç–µ —É –∫–æ–Ω—Å—É–ª—å—Ç–∞–Ω—Ç–∞ –ï–ª–µ–Ω—ã","{""entities"": [{""text"": ""iStore"", ""type"": ""ORG""}, {""text"": ""–ê—Ä–±–∞—Ç–µ"", ""type"": ""LOC""}, {""text"": ""–ï–ª–µ–Ω—ã"", ""type"": ""PERSON""}]}"
sentiment+ner,–û–ø—Ä–µ–¥–µ–ª–∏ —Ç–æ–Ω–∞–ª—å–Ω–æ—Å—Ç—å (POSITIVE/NEGATIVE/NEUTRAL) –∏ –∏–∑–≤–ª–µ–∫–∏ —Å—É—â–Ω–æ—Å—Ç–∏ PERSON/ORG/LOC. –í–µ—Ä–Ω–∏ —Å—Ç—Ä–æ–≥–æ JSON.,"MacBook Pro 16 —Ä–∞–±–æ—Ç–∞–µ—Ç –∫–∞–∫ —á–∞—Å—ã —É–∂–µ –≥–æ–¥, –ø–æ–∫—É–ø–∞–ª –≤ iStore –Ω–∞ –ê—Ä–±–∞—Ç–µ —É –∫–æ–Ω—Å—É–ª—å—Ç–∞–Ω—Ç–∞ –ï–ª–µ–Ω—ã","{""label"": ""POSITIVE"", ""entities"": [{""text"": ""iStore"", ""type"": ""ORG""}, {""text"": ""–ê—Ä–±–∞—Ç–µ"", ""type"": ""LOC""}, {""text"": ""–ï–ª–µ–Ω—ã"", ""type"": ""PERSON""}]}"
sentiment,"–û–ø—Ä–µ–¥–µ–ª–∏ —Ç–æ–Ω–∞–ª—å–Ω–æ—Å—Ç—å –æ—Ç–∑—ã–≤–∞: POSITIVE, NEGATIVE –∏–ª–∏ NEUTRAL. –£—á–∏—Ç—ã–≤–∞–π —Å–∞—Ä–∫–∞–∑–º –∏ —Å–º–µ—à–∞–Ω–Ω—ã–µ —ç–º–æ—Ü–∏–∏. –í–µ—Ä–Ω–∏ —Å—Ç—Ä–æ–≥–æ JSON.","–°—Ö–æ–¥–∏–ª –≤ –∫–∏–Ω–æ—Ç–µ–∞—Ç—Ä –û–∫—Ç—è–±—Ä—å –ø–æ—Å–º–æ—Ç—Ä–µ—Ç—å –Ω–æ–≤—ã–π —Ñ–∏–ª—å–º Marvel - –Ω—É —Ç–∞–∫–æ–µ —Å–µ–±–µ, –Ω–æ –ø–æ–ø–∫–æ—Ä–Ω –≤–∫—É—Å–Ω—ã–π –±—ã–ª","{""label"": ""NEUTRAL""}"
ner,"–ò–∑–≤–ª–µ–∫–∏ –∏–º–µ–Ω–æ–≤–∞–Ω–Ω—ã–µ —Å—É—â–Ω–æ—Å—Ç–∏ –∏–∑ —Ç–µ–∫—Å—Ç–∞. –¢–∏–ø—ã: PERSON, ORG, LOC. –ù–∏—á–µ–≥–æ –Ω–µ –≤—ã–¥—É–º—ã–≤–∞–π. –í–µ—Ä–Ω–∏ —Å—Ç—Ä–æ–≥–æ JSON.","–°—Ö–æ–¥–∏–ª –≤ –∫–∏–Ω–æ—Ç–µ–∞—Ç—Ä –û–∫—Ç—è–±—Ä—å –ø–æ—Å–º–æ—Ç—Ä–µ—Ç—å –Ω–æ–≤—ã–π —Ñ–∏–ª—å–º Marvel - –Ω—É —Ç–∞–∫–æ–µ —Å–µ–±–µ, –Ω–æ –ø–æ–ø–∫–æ—Ä–Ω –≤–∫—É—Å–Ω—ã–π –±—ã–ª","{""entities"": [{""text"": ""–û–∫—Ç—è–±—Ä—å"", ""type"": ""LOC""}, {""text"": ""Marvel"", ""type"": ""ORG""}]}"
sentiment+ner,–û–ø—Ä–µ–¥–µ–ª–∏ —Ç–æ–Ω–∞–ª—å–Ω–æ—Å—Ç—å (POSITIVE/NEGATIVE/NEUTRAL) –∏ –∏–∑–≤–ª–µ–∫–∏ —Å—É—â–Ω–æ—Å—Ç–∏ PERSON/ORG/LOC. –í–µ—Ä–Ω–∏ —Å—Ç—Ä–æ–≥–æ JSON.,"–°—Ö–æ–¥–∏–ª –≤ –∫–∏–Ω–æ—Ç–µ–∞—Ç—Ä –û–∫—Ç—è–±—Ä—å –ø–æ—Å–º–æ—Ç—Ä–µ—Ç—å –Ω–æ–≤—ã–π —Ñ–∏–ª—å–º Marvel - –Ω—É —Ç–∞–∫–æ–µ —Å–µ–±–µ, –Ω–æ –ø–æ–ø–∫–æ—Ä–Ω –≤–∫—É—Å–Ω—ã–π –±—ã–ª","{""label"": ""NEUTRAL"", ""entities"": [{""text"": ""–û–∫—Ç—è–±—Ä—å"", ""type"": ""LOC""}, {""text"": ""Marvel"", ""type"": ""ORG""}]}"
sentiment,"–û–ø—Ä–µ–¥–µ–ª–∏ —Ç–æ–Ω–∞–ª—å–Ω–æ—Å—Ç—å –æ—Ç–∑—ã–≤–∞: POSITIVE, NEGATIVE –∏–ª–∏ NEUTRAL. –£—á–∏—Ç—ã–≤–∞–π —Å–∞—Ä–∫–∞–∑–º –∏ —Å–º–µ—à–∞–Ω–Ω—ã–µ —ç–º–æ—Ü–∏–∏. –í–µ—Ä–Ω–∏ —Å—Ç—Ä–æ–≥–æ JSON.","–û–±—Å–ª—É–∂–∏–≤–∞–Ω–∏–µ –≤ –±–∞–Ω–∫–µ –í–¢–ë –Ω–∞ –¢–≤–µ—Ä—Å–∫–æ–π –æ—Å—Ç–∞–≤–ª—è–µ—Ç –∂–µ–ª–∞—Ç—å –ª—É—á—à–µ–≥–æ, —Ö–æ—Ç—è –º–µ–Ω–µ–¥–∂–µ—Ä –û–ª—å–≥–∞ —Å—Ç–∞—Ä–∞–ª–∞—Å—å –ø–æ–º–æ—á—å","{""label"": ""NEUTRAL""}"
ner,"–ò–∑–≤–ª–µ–∫–∏ –∏–º–µ–Ω–æ–≤–∞–Ω–Ω—ã–µ —Å—É—â–Ω–æ—Å—Ç–∏ –∏–∑ —Ç–µ–∫—Å—Ç–∞. –¢–∏–ø—ã: PERSON, ORG, LOC. –ù–∏—á–µ–≥–æ –Ω–µ –≤—ã–¥—É–º—ã–≤–∞–π. –í–µ—Ä–Ω–∏ —Å—Ç—Ä–æ–≥–æ JSON.","–û–±—Å–ª—É–∂–∏–≤–∞–Ω–∏–µ –≤ –±–∞–Ω–∫–µ –í–¢–ë –Ω–∞ –¢–≤–µ—Ä—Å–∫–æ–π –æ—Å—Ç–∞–≤–ª—è–µ—Ç –∂–µ–ª–∞—Ç—å –ª—É—á—à–µ–≥–æ, —Ö–æ—Ç—è –º–µ–Ω–µ–¥–∂–µ—Ä –û–ª—å–≥–∞ —Å—Ç–∞—Ä–∞–ª–∞—Å—å –ø–æ–º–æ—á—å","{""entities"": [{""text"": ""–í–¢–ë"", ""type"": ""ORG""}, {""text"": ""–¢–≤–µ—Ä—Å–∫–æ–π"", ""type"": ""LOC""}, {""text"": ""–û–ª—å–≥–∞"", ""type"": ""PERSON""}]}"
sentiment+ner,–û–ø—Ä–µ–¥–µ–ª–∏ —Ç–æ–Ω–∞–ª—å–Ω–æ—Å—Ç—å (POSITIVE/NEGATIVE/NEUTRAL) –∏ –∏–∑–≤–ª–µ–∫–∏ —Å—É—â–Ω–æ—Å—Ç–∏ PERSON/ORG/LOC. –í–µ—Ä–Ω–∏ —Å—Ç—Ä–æ–≥–æ JSON.,"–û–±—Å–ª—É–∂–∏–≤–∞–Ω–∏–µ –≤ –±–∞–Ω–∫–µ –í–¢–ë –Ω–∞ –¢–≤–µ—Ä—Å–∫–æ–π –æ—Å—Ç–∞–≤–ª—è–µ—Ç –∂–µ–ª–∞—Ç—å –ª—É—á—à–µ–≥–æ, —Ö–æ—Ç—è –º–µ–Ω–µ–¥–∂–µ—Ä –û–ª—å–≥–∞ —Å—Ç–∞—Ä–∞–ª–∞—Å—å –ø–æ–º–æ—á—å","{""label"": ""NEUTRAL"", ""entities"": [{""text"": ""–í–¢–ë"", ""type"": ""ORG""}, {""text"": ""–¢–≤–µ—Ä—Å–∫–æ–π"", ""type"": ""LOC""}, {""text"": ""–û–ª—å–≥–∞"", ""type"": ""PERSON""}]}"
sentiment,"–û–ø—Ä–µ–¥–µ–ª–∏ —Ç–æ–Ω–∞–ª—å–Ω–æ—Å—Ç—å –æ—Ç–∑—ã–≤–∞: POSITIVE, NEGATIVE –∏–ª–∏ NEUTRAL. –£—á–∏—Ç—ã–≤–∞–π —Å–∞—Ä–∫–∞–∑–º –∏ —Å–º–µ—à–∞–Ω–Ω—ã–µ —ç–º–æ—Ü–∏–∏. –í–µ—Ä–Ω–∏ —Å—Ç—Ä–æ–≥–æ JSON.","–ö—É–ø–∏–ª –Ω–æ–≤—ã–π Samsung Galaxy S24 Ultra –≤ DNS –Ω–∞ –õ–µ–Ω–∏–Ω—Å–∫–æ–º –ø—Ä–æ—Å–ø–µ–∫—Ç–µ, –∫–æ–Ω—Å—É–ª—å—Ç–∞–Ω—Ç –î–º–∏—Ç—Ä–∏–π –ò–≤–∞–Ω–æ–≤–∏—á –≤—Å—ë –æ–±—ä—è—Å–Ω–∏–ª","{""label"": ""POSITIVE""}"
ner,"–ò–∑–≤–ª–µ–∫–∏ –∏–º–µ–Ω–æ–≤–∞–Ω–Ω—ã–µ —Å—É—â–Ω–æ—Å—Ç–∏ –∏–∑ —Ç–µ–∫—Å—Ç–∞. –¢–∏–ø—ã: PERSON, ORG, LOC. –ù–∏—á–µ–≥–æ –Ω–µ –≤—ã–¥—É–º—ã–≤–∞–π. –í–µ—Ä–Ω–∏ —Å—Ç—Ä–æ–≥–æ JSON.","–ö—É–ø–∏–ª –Ω–æ–≤—ã–π Samsung Galaxy S24 Ultra –≤ DNS –Ω–∞ –õ–µ–Ω–∏–Ω—Å–∫–æ–º –ø—Ä–æ—Å–ø–µ–∫—Ç–µ, –∫–æ–Ω—Å—É–ª—å—Ç–∞–Ω—Ç –î–º–∏—Ç—Ä–∏–π –ò–≤–∞–Ω–æ–≤–∏—á –≤—Å—ë –æ–±—ä—è—Å–Ω–∏–ª","{""entities"": [{""text"": ""Samsung Galaxy S24 Ultra"", ""type"": ""ORG""}, {""text"": ""DNS"", ""type"": ""ORG""}, {""text"": ""–õ–µ–Ω–∏–Ω—Å–∫–æ–º –ø—Ä–æ—Å–ø–µ–∫—Ç–µ"", ""type"": ""LOC""}, {""text"": ""–î–º–∏—Ç—Ä–∏–π –ò–≤–∞–Ω–æ–≤–∏—á"", ""type"": ""PERSON""}]}"
sentiment+ner,–û–ø—Ä–µ–¥–µ–ª–∏ —Ç–æ–Ω–∞–ª—å–Ω–æ—Å—Ç—å (POSITIVE/NEGATIVE/NEUTRAL) –∏ –∏–∑–≤–ª–µ–∫–∏ —Å—É—â–Ω–æ—Å—Ç–∏ PERSON/ORG/LOC. –í–µ—Ä–Ω–∏ —Å—Ç—Ä–æ–≥–æ JSON.,"–ö—É–ø–∏–ª –Ω–æ–≤—ã–π Samsung Galaxy S24 Ultra –≤ DNS –Ω–∞ –õ–µ–Ω–∏–Ω—Å–∫–æ–º –ø—Ä–æ—Å–ø–µ–∫—Ç–µ, –∫–æ–Ω—Å—É–ª—å—Ç–∞–Ω—Ç –î–º–∏—Ç—Ä–∏–π –ò–≤–∞–Ω–æ–≤–∏—á –≤—Å—ë –æ–±—ä—è—Å–Ω–∏–ª","{""label"": ""POSITIVE"", ""entities"": [{""text"": ""Samsung Galaxy S24 Ultra"", ""type"": ""ORG""}, {""text"": ""DNS"", ""type"": ""ORG""}, {""text"": ""–õ–µ–Ω–∏–Ω—Å–∫–æ–º –ø—Ä–æ—Å–ø–µ–∫—Ç–µ"", ""type"": ""LOC""}, {""text"": ""–î–º–∏—Ç—Ä–∏–π –ò–≤–∞–Ω–æ–≤–∏—á"", ""type"": ""PERSON""}]}"
sentiment,"–û–ø—Ä–µ–¥–µ–ª–∏ —Ç–æ–Ω–∞–ª—å–Ω–æ—Å—Ç—å –æ—Ç–∑—ã–≤–∞: POSITIVE, NEGATIVE –∏–ª–∏ NEUTRAL. –£—á–∏—Ç—ã–≤–∞–π —Å–∞—Ä–∫–∞–∑–º –∏ —Å–º–µ—à–∞–Ω–Ω—ã–µ —ç–º–æ—Ü–∏–∏. –í–µ—Ä–Ω–∏ —Å—Ç—Ä–æ–≥–æ JSON.",–£–∂–∏–Ω–∞–ª –≤ —Ä–µ—Å—Ç–æ—Ä–∞–Ω–µ White Rabbit –Ω–∞ –°–º–æ–ª–µ–Ω—Å–∫–æ–π –ø–ª–æ—â–∞–¥–∏ - —à–µ—Ñ-–ø–æ–≤–∞—Ä –í–ª–∞–¥–∏–º–∏—Ä –ú—É—Ö–∏–Ω –ø—Ä–µ–≤–∑–æ—à–µ–ª –æ–∂–∏–¥–∞–Ω–∏—è,"{""label"": ""POSITIVE""}"
ner,"–ò–∑–≤–ª–µ–∫–∏ –∏–º–µ–Ω–æ–≤–∞–Ω–Ω—ã–µ —Å—É—â–Ω–æ—Å—Ç–∏ –∏–∑ —Ç–µ–∫—Å—Ç–∞. –¢–∏–ø—ã: PERSON, ORG, LOC. –ù–∏—á–µ–≥–æ –Ω–µ –≤—ã–¥—É–º—ã–≤–∞–π. –í–µ—Ä–Ω–∏ —Å—Ç—Ä–æ–≥–æ JSON.",–£–∂–∏–Ω–∞–ª –≤ —Ä–µ—Å—Ç–æ—Ä–∞–Ω–µ White Rabbit –Ω–∞ –°–º–æ–ª–µ–Ω—Å–∫–æ–π –ø–ª–æ—â–∞–¥–∏ - —à–µ—Ñ-–ø–æ–≤–∞—Ä –í–ª–∞–¥–∏–º–∏—Ä –ú—É—Ö–∏–Ω –ø—Ä–µ–≤–∑–æ—à–µ–ª –æ–∂–∏–¥–∞–Ω–∏—è,"{""entities"": [{""text"": ""White Rabbit"", ""type"": ""ORG""}, {""text"": ""–°–º–æ–ª–µ–Ω—Å–∫–æ–π –ø–ª–æ—â–∞–¥–∏"", ""type"": ""LOC""}, {""text"": ""–í–ª–∞–¥–∏–º–∏—Ä –ú—É—Ö–∏–Ω"", ""type"": ""PERSON""}]}"
sentiment+ner,–û–ø—Ä–µ–¥–µ–ª–∏ —Ç–æ–Ω–∞–ª—å–Ω–æ—Å—Ç—å (POSITIVE/NEGATIVE/NEUTRAL) –∏ –∏–∑–≤–ª–µ–∫–∏ —Å—É—â–Ω–æ—Å—Ç–∏ PERSON/ORG/LOC. –í–µ—Ä–Ω–∏ —Å—Ç—Ä–æ–≥–æ JSON.,–£–∂–∏–Ω–∞–ª –≤ —Ä–µ—Å—Ç–æ—Ä–∞–Ω–µ White Rabbit –Ω–∞ –°–º–æ–ª–µ–Ω—Å–∫–æ–π –ø–ª–æ—â–∞–¥–∏ - —à–µ—Ñ-–ø–æ–≤–∞—Ä –í–ª–∞–¥–∏–º–∏—Ä –ú—É—Ö–∏–Ω –ø—Ä–µ–≤–∑–æ—à–µ–ª –æ–∂–∏–¥–∞–Ω–∏—è,"{""label"": ""POSITIVE"", ""entities"": [{""text"": ""White Rabbit"", ""type"": ""ORG""}, {""text"": ""–°–º–æ–ª–µ–Ω—Å–∫–æ–π –ø–ª–æ—â–∞–¥–∏"", ""type"": ""LOC""}, {""text"": ""–í–ª–∞–¥–∏–º–∏—Ä –ú—É—Ö–∏–Ω"", ""type"": ""PERSON""}]}"
sentiment,"–û–ø—Ä–µ–¥–µ–ª–∏ —Ç–æ–Ω–∞–ª—å–Ω–æ—Å—Ç—å –æ—Ç–∑—ã–≤–∞: POSITIVE, NEGATIVE –∏–ª–∏ NEUTRAL. –£—á–∏—Ç—ã–≤–∞–π —Å–∞—Ä–∫–∞–∑–º –∏ —Å–º–µ—à–∞–Ω–Ω—ã–µ —ç–º–æ—Ü–∏–∏. –í–µ—Ä–Ω–∏ —Å—Ç—Ä–æ–≥–æ JSON.","–Ω–æ—Ä–º —Ç–µ–ª–µ–∫ LG –∫—É–ø–∏–ª –≤ —ç–ª—å–¥–æ—Ä–∞–¥–æ, –ø—Ä–æ–¥–∞–≤–µ—Ü –Ω–æ—Ä–º —á–µ–ª –±—ã–ª, –≤—Å—ë —Ä–∞—Å—Å–∫–∞–∑–∞–ª –ø—Ä–æ —Ñ—É–Ω–∫—Ü–∏–∏","{""label"": ""POSITIVE""}"
ner,"–ò–∑–≤–ª–µ–∫–∏ –∏–º–µ–Ω–æ–≤–∞–Ω–Ω—ã–µ —Å—É—â–Ω–æ—Å—Ç–∏ –∏–∑ —Ç–µ–∫—Å—Ç–∞. –¢–∏–ø—ã: PERSON, ORG, LOC. –ù–∏—á–µ–≥–æ –Ω–µ –≤—ã–¥—É–º—ã–≤–∞–π. –í–µ—Ä–Ω–∏ —Å—Ç—Ä–æ–≥–æ JSON.","–Ω–æ—Ä–º —Ç–µ–ª–µ–∫ LG –∫—É–ø–∏–ª –≤ —ç–ª—å–¥–æ—Ä–∞–¥–æ, –ø—Ä–æ–¥–∞–≤–µ—Ü –Ω–æ—Ä–º —á–µ–ª –±—ã–ª, –≤—Å—ë —Ä–∞—Å—Å–∫–∞–∑–∞–ª –ø—Ä–æ —Ñ—É–Ω–∫—Ü–∏–∏","{""entities"": [{""text"": ""LG"", ""type"": ""ORG""}, {""text"": ""—ç–ª—å–¥–æ—Ä–∞–¥–æ"", ""type"": ""ORG""}, {""text"": ""—á–µ–ª"", ""type"": ""PERSON""}]}"
sentiment+ner,–û–ø—Ä–µ–¥–µ–ª–∏ —Ç–æ–Ω–∞–ª—å–Ω–æ—Å—Ç—å (POSITIVE/NEGATIVE/NEUTRAL) –∏ –∏–∑–≤–ª–µ–∫–∏ —Å—É—â–Ω–æ—Å—Ç–∏ PERSON/ORG/LOC. –í–µ—Ä–Ω–∏ —Å—Ç—Ä–æ–≥–æ JSON.,"–Ω–æ—Ä–º —Ç–µ–ª–µ–∫ LG –∫—É–ø–∏–ª –≤ —ç–ª—å–¥–æ—Ä–∞–¥–æ, –ø—Ä–æ–¥–∞–≤–µ—Ü –Ω–æ—Ä–º —á–µ–ª –±—ã–ª, –≤—Å—ë —Ä–∞—Å—Å–∫–∞–∑–∞–ª –ø—Ä–æ —Ñ—É–Ω–∫—Ü–∏–∏","{""label"": ""POSITIVE"", ""entities"": [{""text"": ""LG"", ""type"": ""ORG""}, {""text"": ""—ç–ª—å–¥–æ—Ä–∞–¥–æ"", ""type"": ""ORG""}, {""text"": ""—á–µ–ª"", ""type"": ""PERSON""}]}"
